epitope,cdr3_TRA,cdr3_TRB,MHCA,MHCB,label
VFLQTHIFAEVLKDA,CAAKIYNNNDMRF,CASSLASVAGGYTF,DPA1_0202,DPB1_0501,0
FLQTHIFAEVLKDAI,CAAKIYNNNDMRF,CASSLASVAGGYTF,DPA1_0202,DPB1_0501,0
LQTHIFAEVLKDAIK,CAAKIYNNNDMRF,CASSLASVAGGYTF,DPA1_0202,DPB1_0501,0
QTHIFAEVLKDAIKD,CAAKIYNNNDMRF,CASSLASVAGGYTF,DPA1_0202,DPB1_0501,1
THIFAEVLKDAIKDL,CAAKIYNNNDMRF,CASSLASVAGGYTF,DPA1_0202,DPB1_0501,1
HIFAEVLKDAIKDLV,CAAKIYNNNDMRF,CASSLASVAGGYTF,DPA1_0202,DPB1_0501,1
IFAEVLKDAIKDLVM,CAAKIYNNNDMRF,CASSLASVAGGYTF,DPA1_0202,DPB1_0501,1
FAEVLKDAIKDLVMT,CAAKIYNNNDMRF,CASSLASVAGGYTF,DPA1_0202,DPB1_0501,1
AEVLKDAIKDLVMTK,CAAKIYNNNDMRF,CASSLASVAGGYTF,DPA1_0202,DPB1_0501,1
EVLKDAIKDLVMTKP,CAAKIYNNNDMRF,CASSLASVAGGYTF,DPA1_0202,DPB1_0501,1
VLKDAIKDLVMTKPA,CAAKIYNNNDMRF,CASSLASVAGGYTF,DPA1_0202,DPB1_0501,0
LKDAIKDLVMTKPAP,CAAKIYNNNDMRF,CASSLASVAGGYTF,DPA1_0202,DPB1_0501,0
KDAIKDLVMTKPAPT,CAAKIYNNNDMRF,CASSLASVAGGYTF,DPA1_0202,DPB1_0501,0
