epitope,count
TFEYVSQPFLMDLE,846
PKYVKQNTLKLAT,395
RFYKTLRAEQASQ,381
FRDYVDRFYKTLRAEQASQE,370
WEDLFCDESLSSPEPPSSSE,364
LLQTGIHVRVSQPSL,301
QARQMVQAMRTIGTHP,124
GLIYNRMGAVTTEV,121
SLFFSAQPFEITAST,116
DPFRLLQNSQVFS,103
PQPELPYPQPQ,67
SGPLKAEIAQRLED,64
PQPELPYPQPE,53
YLNKIQNSLSTEWSP,44
HIKEYLNKIQNSLST,44
PSDKHIKEYLNKIQN,44
QLQPFPQPELPY,32
EHPTFTSQYRIQGKL,30
IHSLLDEGKQSLTKL,27
GMFNMLSTVLGVS,26
PQPELPYPQPQL,25
PQPQLPYPQPQ,23
RFNLIANQHLLAPGF,21
DRFYKTLRAEQASQEV,20
RTQLLWTPAAPTAMA,20
NFIRMVISNPAAT,19
LLEFYLAMPFATP,19
LQPFPQPELPYPQPQ,19
GQVELGGGNAVEVCK,19
PFPQPELPY,18
AMERNAGSGIIISDT,18
HWFVTQRNFYEPQII,17
NCTFEYVSQPFLMDL,16
GERQNATEIRASVGK,15
VGATYYFNKNMSTYVDYKIN,15
FWIDLFETIG,14
ERNAGSGIIISDT,13
NLLLQYGSFCTQLNRAL,13
PNANPNVDPNANPNV,10
VGGNYNYLYRLFRKS,10
STRQALRPRADGPVG,10
PGVLLKEFTVSGNIL,10
KRGIVEQSSTSISSL,8
PQQPFPQPEQPFP,7
RISNCVADYSVLYNS,7
PSDKHIEQYLKKIQNSLSTEWSP,7
NFSQILPDPSKPSKR,6
PQPELPYPQ,6
DPPALASTNAEVT,6
NNSYECDIPIGAGIC,5
PSPSMGRDIKVQFQS,4
FNNFTVSFWLRVPKVSASHLE,4
DKSMKVTVAFNQF,4
PKYVKQNTLKLRT,4
ADTLQSIGATTVASN,4
EEAAGIGILTVI,4
MHVSFVMAYPEMLAA,4
DFHFEVFNFVPCSI,4
RNVDENANANSAVKN,3
FPQPEQPFPWQP,3
MTEYKLVVVGAVGVGKSALTIQLI,3
LTDEQRAAALEKAAA,3
AALALLLLDRLNQLE,3
ENPVVHFFKNIVTPR,3
VELGGGPGA,3
TAAQAAVVRFQEAAN,3
GYNSYSVSNSEKHIM,2
GAVGVGKSAL,2
NSKEETGHLENGN,2
PPQIAANRSQLISLV,2
VFVQSVLPYFVATKLAKIRK,2
AAVVRFQEAANKQKQ,2
MSQIMYNYPAMLGHA,2
AISRKMVELVHFLLLKYRAR,2
MTEYKLVVVGAGDVGKSALTIQLI,2
MTEYKLVVVGARGVGKSALTIQLI,2
HYNYMCNSSCMGSMN,2
GQVELGGGNAVEVCKGS,2
GELIGILNAAKVPAD,2
PSGEGSFQPSQENPQ,2
SGEGSFQPSQENP,2
APQPELPYPQPGS,2
AGSLQPLAL,2
APFSEQEQPVLG,2
QPLALEGSLQKRG,1
LNKIVRMYSPTSILD,1
APQPELPYPQPG,1
KRGIVEQCCTSISSL,1
VHFFKNIVTPRTPG,1
GELIGTLNAAKVPAD,1
QPFPQPELPYP,1
VVVGAVGVGKSALTIQLIQN,1
LQPLALEGSLQKRG,1
PKYVKQNTLKLAR,1
SLQPLALEGSL,1
QVELGGGPGAG,1
QAFWIDLFETIG,1
APSGEGSFQPSQENPQ,1
FSWGAEGQRPGFGSGG,1
RLLMLFAKDVVSRN,1
NPVVHFFKNIVTPR,1
VEELYLVAGEEGCGGGGSL,1
GPQQSFPEQEA,1
MDFARVHFISALHGSG,1
QLVHFVRDFAQL,1
QHIRCNIPKRISA,1
FSWGAEGQRPGF,1
QPQQSFPEQEA,1
QVELGGGPG,1
AGSLQPLALE,1
AVVQSELPYPEGS,1
MHQKRTAMFQDPQER,1
QPFPQPEQPFP,1
GQVELGGGPGAESCQ,1
YNYIASFFIETGFCDSGILS,1
ATGFKQSSKALQRPVAS,1
GQVELGGGSSPETCI,1
GQVELGGGTPIESCQ,1
ENPVVHFFKNIVTP,1
APMPMPELPYP,1
LQPFPQPELPYGSGGS,1
SLLMWITQCFLPVF,1
SCMGGMNWRPILTII,1
SPNNFLSYYRLTRFLSRVIK,1
SGWGDPHYITFDGTYYTFLD,1
RNTFRHSVVVPCE,1
VVRHCPHHERCSDSD,1
YVMAYVMAGVGS,1
NHVVDISKSGLITIA,1
KALARALKEGRIR,1
